{
    "root": "Not found in root level (Monorepo structure detected)",
    "frontend": {
        "name": "web",
        "private": true,
        "version": "0.0.0",
        "type": "module",
        "scripts": {
            "dev": "vite",
            "build": "tsc -b && vite build",
            "lint": "eslint .",
            "preview": "vite preview"
        },
        "dependencies": {
            "@dnd-kit/core": "^6.3.1",
            "@dnd-kit/sortable": "^10.0.0",
            "@dnd-kit/utilities": "^3.2.2",
            "@hookform/resolvers": "^5.2.2",
            "@tanstack/react-query": "^5.90.20",
            "@types/uuid": "^10.0.0",
            "axios": "^1.13.4",
            "class-variance-authority": "^0.7.1",
            "clsx": "^2.1.1",
            "date-fns": "^4.1.0",
            "i18next": "^25.8.3",
            "i18next-browser-languagedetector": "^8.2.0",
            "idb": "^8.0.3",
            "jspdf": "^2.5.2",
            "lucide-react": "^0.563.0",
            "react": "^19.2.0",
            "react-dom": "^19.2.0",
            "react-hook-form": "^7.71.1",
            "react-i18next": "^16.5.4",
            "react-router-dom": "^7.13.0",
            "recharts": "^3.7.0",
            "sonner": "^2.0.7",
            "tailwind-merge": "^3.4.0",
            "uuid": "^13.0.0",
            "zod": "^3.25.76"
        },
        "devDependencies": {
            "@eslint/js": "^9.39.1",
            "@tailwindcss/postcss": "^4.1.18",
            "@types/node": "^24.10.1",
            "@types/react": "^19.2.5",
            "@types/react-dom": "^19.2.3",
            "@vitejs/plugin-react": "^4.3.4",
            "autoprefixer": "^10.4.24",
            "eslint": "^9.39.1",
            "eslint-plugin-react-hooks": "^7.0.1",
            "eslint-plugin-react-refresh": "^0.4.24",
            "globals": "^16.5.0",
            "postcss": "^8.5.6",
            "tailwindcss": "^4.1.18",
            "typescript": "~5.9.3",
            "typescript-eslint": "^8.46.4",
            "vite": "^6.0.0"
        }
    },
    "backend": {
        "name": "api",
        "version": "0.0.1",
        "description": "",
        "author": "",
        "private": true,
        "license": "UNLICENSED",
        "scripts": {
            "build": "nest build",
            "format": "prettier --write \"src/**/*.ts\" \"test/**/*.ts\"",
            "start": "nest start",
            "start:dev": "nest start --watch",
            "start:debug": "nest start --debug --watch",
            "start:prod": "node dist/main",
            "lint": "eslint \"{src,apps,libs,test}/**/*.ts\" --fix",
            "test": "jest",
            "test:watch": "jest --watch",
            "test:cov": "jest --coverage",
            "test:debug": "node --inspect-brk -r tsconfig-paths/register -r ts-node/register node_modules/.bin/jest --runInBand",
            "test:e2e": "jest --config ./test/jest-e2e.json"
        },
        "dependencies": {
            "@nestjs/common": "^11.0.1",
            "@nestjs/core": "^11.0.1",
            "@nestjs/jwt": "^11.0.2",
            "@nestjs/mapped-types": "*",
            "@nestjs/passport": "^11.0.5",
            "@nestjs/platform-express": "^11.0.1",
            "@prisma/client": "^5.22.0",
            "@types/uuid": "^9.0.8",
            "bcrypt": "^6.0.0",
            "class-transformer": "^0.5.1",
            "class-validator": "^0.14.3",
            "passport": "^0.7.0",
            "passport-jwt": "^4.0.1",
            "pdfkit": "^0.17.2",
            "reflect-metadata": "^0.2.2",
            "rxjs": "^7.8.1",
            "sharp": "^0.34.5",
            "uuid": "^9.0.1"
        },
        "devDependencies": {
            "@eslint/eslintrc": "^3.2.0",
            "@eslint/js": "^9.18.0",
            "@nestjs/cli": "^11.0.0",
            "@nestjs/schematics": "^11.0.0",
            "@nestjs/testing": "^11.0.1",
            "@types/bcrypt": "^6.0.0",
            "@types/express": "^5.0.0",
            "@types/jest": "^30.0.0",
            "@types/multer": "^2.0.0",
            "@types/node": "^22.10.7",
            "@types/passport-jwt": "^4.0.1",
            "@types/pdfkit": "^0.17.4",
            "@types/supertest": "^6.0.2",
            "eslint": "^9.18.0",
            "eslint-config-prettier": "^10.0.1",
            "eslint-plugin-prettier": "^5.2.2",
            "globals": "^16.0.0",
            "jest": "^30.0.0",
            "prettier": "^3.4.2",
            "prisma": "^5.22.0",
            "source-map-support": "^0.5.21",
            "supertest": "^7.0.0",
            "ts-jest": "^29.2.5",
            "ts-loader": "^9.5.2",
            "ts-node": "^10.9.2",
            "tsconfig-paths": "^4.2.0",
            "typescript": "^5.7.3",
            "typescript-eslint": "^8.20.0"
        }
    }
}